TLP:AMBER,,,
IP ADDRESS,ASSOCIATED THREAT,THREAT TYPE,SOURCE
128.199.194.2,N/A,N/A,STIX Collections
209.97.174.18,N/A,N/A,STIX Collections
192.144.195.26,N/A,N/A,STIX Collections
38.207.148.123,N/A,N/A,STIX Collections
154.8.187.123,N/A,N/A,STIX Collections
146.70.192.174,N/A,N/A,STIX Collections
154.8.187.177,N/A,N/A,STIX Collections
165.22.241.234,N/A,N/A,STIX Collections
200.88.48.99,N/A,N/A,STIX Collections
203.228.4.112,N/A,N/A,STIX Collections
152.228.164.249,N/A,N/A,STIX Collections
111.230.25.167,N/A,N/A,STIX Collections
70.34.253.108,N/A,N/A,STIX Collections
65.109.242.73,N/A,N/A,STIX Collections
175.27.133.246,N/A,N/A,STIX Collections
157.90.25.39,N/A,N/A,STIX Collections
189.206.227.150,N/A,N/A,STIX Collections
112.133.228.250,N/A,N/A,STIX Collections
120.46.91.175,N/A,N/A,STIX Collections
95.85.15.212,N/A,N/A,STIX Collections
149.104.24.217,N/A,N/A,STIX Collections
85.203.42.194,N/A,N/A,STIX Collections
165.232.75.251,N/A,N/A,STIX Collections
180.101.88.236,N/A,N/A,STIX Collections
1.92.85.139,N/A,N/A,STIX Collections
43.138.222.123,N/A,N/A,STIX Collections
43.134.169.238,N/A,N/A,STIX Collections
193.233.132.112,N/A,N/A,STIX Collections
165.232.123.138,N/A,N/A,STIX Collections
106.13.211.17,N/A,N/A,STIX Collections
43.143.168.206,N/A,N/A,STIX Collections
119.91.210.241,N/A,N/A,STIX Collections
87.201.127.150,N/A,N/A,STIX Collections
101.99.94.224,N/A,N/A,STIX Collections
8.130.34.85,N/A,N/A,STIX Collections
77.91.122.210,N/A,N/A,STIX Collections
TLP:AMBER,,,
